module_source_ids,title,doi,public_url,publication,observed,access_category,detail
valve:VM12,Trends in the Management of Anterior Mitral Leaflet Regurgitation,10.1001/jamanetworkopen.2024.6726,https://doi.org/10.1001/jamanetworkopen.2024.6726,2024,2011-2022,scholarly_fulltext,fulltext_xml_reused;stage4supplements
asia:AS01; valve:VM13,Minimally invasive cardiac surgeries in 2021: annual report by Japanese society of minimally invasive cardiac surgery,10.1007/s11748-024-02066-2,https://link.springer.com/article/10.1007/s11748-024-02066-2,2024-07-31,2021,scholarly_fulltext,KNU PDF saved; publisher supplement saved
asia:AS02; valve:VM06,Minimally invasive cardiac surgeries in 2022: annual report by Japanese Society of Minimally Invasive Cardiac Surgery,10.1007/s11748-025-02225-z,https://link.springer.com/article/10.1007/s11748-025-02225-z,2025-12-19,2022,scholarly_fulltext,PDF saved
asia:AS03; valve:VM05,Minimally invasive cardiac surgeries in 2023–annual report of the Japanese association for minimally invasive cardiac surgery,10.1007/s11748-026-02383-8,https://link.springer.com/article/10.1007/s11748-026-02383-8,2026-09-03,2021–2023 (2023 new cohort),scholarly_fulltext,PDF saved
asia:AS10,Minimally invasive coronary artery bypass grafting,10.1007/s12055-017-0631-x,https://pmc.ncbi.nlm.nih.gov/articles/PMC7525389/,2018-01-18,Survey timing not explicit; prepublication,scholarly_fulltext,PMC full HTML saved
asia:AS09,Total arterial revascularization using robot assisted minimally invasive coronary artery bypass: an Indian experience,10.1007/s12055-023-01593-6,https://pmc.ncbi.nlm.nih.gov/articles/PMC10728025/,2023-09-14 (2024 issue),2019-06 to 2023-01,scholarly_fulltext,PMC full HTML saved
us_coronary:UC04,Current Landscape of Hybrid Revascularization: A Report from the NCDR CathPCI Registry,10.1016/j.ahj.2019.06.014,https://doi.org/10.1016/j.ahj.2019.06.014,2019-06-28,July 2009–March 2017,scholarly_fulltext,fulltext_html
us_coronary:UC05,"Trends in Robotic-Assisted Coronary Artery Bypass Grafts: A Study of The Society of Thoracic Surgeons Adult Cardiac Surgery Database, 2006 to 2012",10.1016/j.athoracsur.2015.12.059,https://doi.org/10.1016/j.athoracsur.2015.12.059,2016-07,2006–2012,scholarly_fulltext,fulltext_pdf
valve:VM02,Less Invasive Mitral Surgery Versus Conventional Sternotomy Stratified by Mitral Pathology,10.1016/j.athoracsur.2020.05.145,https://www.sciencedirect.com/science/article/pii/S0003497520312017,online2020-07-24;issue2021-03,2014H2-2018,scholarly_fulltext,fulltext_pdf_KNU
valve:VM01,Robotic Mitral Valve Repair for Degenerative Mitral Regurgitation,10.1016/j.athoracsur.2023.07.047,https://www.sciencedirect.com/science/article/pii/S0003497523008524,online2023-08-16; issue2024-01,2015-2021,scholarly_fulltext,fulltext_pdf_and_supplement
framework:F08,The Society of Thoracic Surgeons Expert Consensus Pathway for Robotic Cardiac Surgical Training,10.1016/j.athoracsur.2026.01.003,https://www.sciencedirect.com/science/article/pii/S0003497526000226,2026-01-29,,scholarly_fulltext,fulltext
valve:VM03,Mortality and Reintervention After Robotic Mitral Repair in the United States,10.1016/j.athoracsur.2026.01.049,https://pmc.ncbi.nlm.nih.gov/articles/PMC13110795/,online2026-02-16;issue2026-07,2010-2019,scholarly_fulltext,fulltext_html_tables;PDF_and_supp_access_blocked
us_coronary:UC01,Association of Robotic Assistance With Short-term Outcomes After Coronary Artery Bypass Grafting,10.1016/j.atssr.2025.03.007,https://doi.org/10.1016/j.atssr.2025.03.007,2025-03-20,2016–2020,scholarly_fulltext,fulltext_and_3_supplements
us_coronary:UC06,Mid-term Outcomes After Robotic Coronary Artery Bypass Grafting in the United States,10.1016/j.cjca.2026.06.018,https://doi.org/10.1016/j.cjca.2026.06.018,2026-06-25,2012–2022,scholarly_fulltext,fulltext_pdf_and32page_supplement
europe_coronary:EC05,Twenty-year outcomes of minimally invasive direct coronary artery bypass surgery: The Leipzig experience,10.1016/j.jtcvs.2020.12.149,https://www.sciencedirect.com/science/article/pii/S0022522321003433,2021-02-17 online;2023-01 print,1996-2018,scholarly_fulltext,local licensed PDF via KNU; body and appended Tables E1-E4 verified
europe_coronary:EC04,"Minimally invasive coronary artery bypass grafting via left anterior minithoracotomy: Setup, results, and evolution of a new surgical procedure",10.1016/j.xjtc.2024.10.022,https://doi.org/10.1016/j.xjtc.2024.10.022,2 2025 | 13 11 2024,2015-2023,scholarly_fulltext,local complete XML body
valve:VM10,Effect of minimally invasive mitral valve surgery compared to sternotomy on short- and long-term outcomes: Netherlands Heart Registration,10.1093/ejcts/ezab507,https://pure.amsterdamumc.nl/ws/files/139987440/Effect-of-minimally-invasive-mitral-valve-surgery-compared-to-sternotomy-on-short--and-long-term-outcomes.pdf,online2021;issue2022-05-02,2013-2018,scholarly_fulltext,fulltext_repository_pdf
framework:F02,Hybrid coronary revascularization: ESC/EAPCI position paper,10.1093/ejcts/ezae271,https://academic.oup.com/ejcts/article/66/2/ezae271/7733781,2024-08-14,,scholarly_fulltext,fulltext
europe_coronary:EC09,"Robotic coronary revascularization in Europe, state of art and future of EACTS-endorsed Robotic Cardiothoracic Surgery Taskforce",10.1093/icvts/ivac108,https://doi.org/10.1093/icvts/ivac108,18 5 2022,2022 narrative context,scholarly_fulltext,local complete XML body
europe_coronary:EC07,LIMA to LAD grafting returns patient survival to age-matched population: 20-year outcomes of MIDCAB surgery,10.1093/icvts/ivac243,https://doi.org/10.1093/icvts/ivac243,10 2022 | 21 9 2022,1997-02 to 2020-08,scholarly_fulltext,local complete XML body
framework:F01,A review of nomenclature in minimally invasive coronary artery bypass grafting—the anarchy of terminology,10.1093/icvts/ivae204,https://www.ebi.ac.uk/europepmc/webservices/rest/PMC11671035/fullTextXML,2024-12-05,,scholarly_fulltext,fulltext
valve:VM09,Minimally Invasive Mitral Valve Surgery Compared to Sternotomy in Patients Over70 Years Old: A Retrospective Nationwide Multicentre Study in The Netherlands,10.1093/icvts/ivag026,https://academic.oup.com/icvts/article/41/2/ivag026/8443445,2026,2013-2021,scholarly_fulltext,fulltext_xml
asia:AS12,Mastering robotic cardiac surgery: the impact of structured milestones and technological integration on the learning curve and patient outcomes,10.1097/JS9.0000000000004908,https://pubmed.ncbi.nlm.nih.gov/41563306/,2026-01-21,2012-01 to 2024-12,abstract_or_bibliography_only,PubMed abstract only; fulltext not obtained
us_coronary:UC02,The learning curve of robotic coronary arterial bypass surgery: A report from the STS database,10.1111/jocs.15945,https://doi.org/10.1111/jocs.15945,2021-08-29,Body: July 2014–June 2018; abstract: 2014–2019,scholarly_fulltext,fulltext_html
europe_coronary:EC10,Hybrid Coronary Revascularization: Insights Into Long-Term Clinical Outcomes From a Single-Center Experience,10.1155/jocs/3786314,https://onlinelibrary.wiley.com/doi/full/10.1155/jocs/3786314,2025-09-17,1996-2020,main_body_and_tables_web_snapshot,local web-body snapshot sections1-5 and Tables1-2; PDF pending
europe_coronary:EC02,A Nationwide Study of Clinical Outcomes After Robot-Assisted Coronary Artery Bypass Surgery and Hybrid Revascularization in the Netherlands,10.1177/15569845231154046,https://doi.org/10.1177/15569845231154046,20 2 2023,2016-2020,scholarly_fulltext,local complete XML body
europe_coronary:EC03,Nationwide Short-Term and Midterm Clinical Outcome Comparison of Hybrid Coronary Revascularization Versus Off-Pump Coronary Artery Bypass Surgery,10.1177/15569845261437076,https://doi.org/10.1177/15569845261437076,23 4 2026,2015-2021,scholarly_fulltext,local complete XML body
valve:VM04,Trends in Open Aortic Valve Surgery in the United States: Descriptive Analysis of Sociodemographic Factors in Patient Selection,10.1186/s12893-026-03621-9,https://link.springer.com/article/10.1186/s12893-026-03621-9,2026-02-25;VOR2026-03-31,2015-2020,scholarly_fulltext,fulltext_pdf_html_and_supp_docx
asia:AS08,2025年中国心血管外科手术和体外循环数据白皮书,10.13498/j.cnki.chin.j.ecls.2026.04.01,https://twxh.cbpt.cnki.net/portal/journal/portal/client/paper/a098c1fcd80d7916ea603585c04d0b07,2026-08-28,2025,abstract_or_bibliography_only,Official abstract saved; KNU/CNKI fulltext access failed
asia:AS11,Robotic mitral valve repair in National Taiwan University Hospital: 10-year results,10.21037/acs-2022-rmvs-29,https://pmc.ncbi.nlm.nih.gov/articles/PMC9723526/,2022-11,2012-01 to 2022-09,scholarly_fulltext,PMC full HTML saved
framework:F05,The way forward in research on robotic cardiac surgery: the need for transatlantic robotic cardiac surgery registry,10.21037/acs-2023-rcabg-0183,https://www.ebi.ac.uk/europepmc/webservices/rest/PMC11327411/fullTextXML,2024-05-09,,scholarly_fulltext,fulltext
us_coronary:UC03,Ten-year outcomes of hybrid coronary revascularization at a single center,10.21037/acs-2023-rcabg-0188,https://doi.org/10.21037/acs-2023-rcabg-0188,2024-08-16,January 2009–May 2023,scholarly_fulltext,fulltext_xml
framework:F06,Systematic review and meta-analysis of two decades of reported outcomes for robotic coronary artery bypass grafting,10.21037/acs-2023-rcabg-0191,https://www.ebi.ac.uk/europepmc/webservices/rest/PMC11327407/fullTextXML,2024-07-26,,scholarly_fulltext,fulltext
framework:F09,How to advance from minimally invasive coronary artery bypass grafting to totally endoscopic coronary bypass grafting: challenges in Europe versus United States of America,10.21037/acs-2023-rcabg-0210,https://www.ebi.ac.uk/europepmc/webservices/rest/PMC11491180/fullTextXML,2024-09-23,,scholarly_fulltext,fulltext
europe_coronary:EC01,Robotic Cardiac Surgery in Europe: Status 2020,10.3389/fcvm.2021.827515,https://doi.org/10.3389/fcvm.2021.827515,20 1 2022,2016-2019,scholarly_fulltext,local complete XML body
framework:F03,"Minimal-Access Coronary Revascularization: Past, Present, and Future",10.3390/jcdd10080326,https://www.ebi.ac.uk/europepmc/webservices/rest/PMC10455416/fullTextXML,2023-07-31,,scholarly_fulltext,fulltext
europe_coronary:EC08,Sex-Based Comparative Analysis of Outcomes Following Minimally Invasive Direct Coronary Artery Bypass: A 20-Year Study,10.3390/jcdd12120460,https://doi.org/10.3390/jcdd12120460,27 11 2025,1996-02 to 2023-09,scholarly_fulltext,local complete XML body
europe_coronary:EC06,"Thirteen Years of Impactful, Minimally Invasive Coronary Surgery: Short- and Long-Term Results for Single and Multi-Vessel Disease †",10.3390/jcm13030761,https://doi.org/10.3390/jcm13030761,28 1 2024 | 2 2024,2010-2023-09,scholarly_fulltext,local complete XML body
us_coronary:UC07,Long-term clinical outcomes of robotic-assisted surgical coronary artery revascularisation,10.4244/EIJ-D-23-00373,https://doi.org/10.4244/EIJ-D-23-00373,2023-11-23 online; 2024-01 issue,May 2005–June 2021,scholarly_fulltext,fulltext_pdf
asia:AS05,2019年度中国微创心血管外科手术统计,10.7507/1007-4848.202011075,https://www.cn-healthcare.com/articlewm/20201204/content-1169294.html,2021 issue; web repost 2020-12,2018–2019,republished_body_without_original_tables,Journal-account body republication saved; original tables absent
asia:AS04; framework:F04,"Minimally Invasive Coronary Artery Bypass Grafting (MICS-CABG): Comparative Analysis of Direct-Vision and Robotic Techniques, Outcomes, and Future Clinical Trajectory",10.7793/jcad.32.001,https://www.jstage.jst.go.jp/article/jcad/32/1/32_32.001/_html/-char/ja,2026-03-25,Historical narrative,scholarly_fulltext,PDF saved
europe_coronary:EC11; valve:VM08,NICOR National Adult Cardiac Surgery Audit 2024/25 summary,,https://www.nicor.org.uk/~documents/route%3A/download/3764,report accessed2026-10-03,2019/20-2024/25,official_document,local official PDF
valve:VM07,DGTHG Leistungsstatistik2025,,https://dgthg.de/inhalt/uploads/2026/07/DGTHG-Leistungsstatistik-2025-free-access.pdf,2026,2016-2025,official_document,official_pdf_reused
europe_coronary:EC12,Robotic-assisted cardiac surgery data now available in the EACTS Adult Cardiac Database,,https://www.eacts.org/our-community/news-hub/robotic-assisted-cardiac-surgery-data-now-available-in-the-eacts-adult-cardiac-database/,2026-10-01,2026 infrastructure announcement,official_document,local official HTML
asia:AS07,2023年度中国微创心血管外科手术统计及未来发展思考,,https://www.sinomed.ac.cn/article.do?ui=2025449416,2025;41(6):321–327,2023 title year; reproduced abstract says 2021–2023,abstract_or_bibliography_only,SinoMed bibliography/partial abstract only; fulltext not obtained
framework:F07,STS ACSD Training Manual v4.20.2 October 2025,,https://www.sts.org/sites/default/files/2025-10/Training%20Manual%20V4_20_2%20Oct%202025-c.pdf,2025-10,,official_document,fulltext
asia:AS06,2020—2021年度中国微创心血管外科手术统计及未来发展思考,,https://zh.zhhlzzs.com/CN/10.3761/j.issn.0254-1769.2024.22.013,2023;30(4):483–490,2020–2021,abstract_or_bibliography_only,Bibliography only; public fulltext access unsuccessful
