category,year,scenario,value,baseline_2025,index_2025_100,unit,basis,status,interval_type
CABG_claims,2027,low,4647.756530540423,4597.0,101.10412291799919,NHIS within-category reported claim cases,NHIS 12-code category; all ages; no unique episode conversion,conditional_projection,conditional_scenario_not_prediction_interval
CABG_claims,2028,low,4664.0227705025245,4597.0,101.45796759848868,NHIS within-category reported claim cases,NHIS 12-code category; all ages; no unique episode conversion,conditional_projection,conditional_scenario_not_prediction_interval
CABG_claims,2029,low,4663.142533120338,4597.0,101.43881951534344,NHIS within-category reported claim cases,NHIS 12-code category; all ages; no unique episode conversion,conditional_projection,conditional_scenario_not_prediction_interval
CABG_claims,2030,low,4678.178134319017,4597.0,101.76589372023095,NHIS within-category reported claim cases,NHIS 12-code category; all ages; no unique episode conversion,conditional_projection,conditional_scenario_not_prediction_interval
CABG_claims,2031,low,4693.185331070768,4597.0,102.09235003416943,NHIS within-category reported claim cases,NHIS 12-code category; all ages; no unique episode conversion,conditional_projection,conditional_scenario_not_prediction_interval
CABG_persons,2027,low,4543.310849076414,4494.0,101.09725965902123,NHIS within-category persons,NHIS 12-code category; all ages; no unique episode conversion,conditional_projection,conditional_scenario_not_prediction_interval
CABG_persons,2028,low,4559.007001233262,4494.0,101.44652873238233,NHIS within-category persons,NHIS 12-code category; all ages; no unique episode conversion,conditional_projection,conditional_scenario_not_prediction_interval
CABG_persons,2029,low,4557.9023860327925,4494.0,101.42194895489081,NHIS within-category persons,NHIS 12-code category; all ages; no unique episode conversion,conditional_projection,conditional_scenario_not_prediction_interval
CABG_persons,2030,low,4572.133724742289,4494.0,101.73862315848442,NHIS within-category persons,NHIS 12-code category; all ages; no unique episode conversion,conditional_projection,conditional_scenario_not_prediction_interval
CABG_persons,2031,low,4586.398455004714,4494.0,102.05604038728782,NHIS within-category persons,NHIS 12-code category; all ages; no unique episode conversion,conditional_projection,conditional_scenario_not_prediction_interval
CABG_claims,2027,base,5069.573001344717,4597.0,110.28003048389641,NHIS within-category reported claim cases,NHIS 12-code category; all ages; no unique episode conversion,conditional_projection,conditional_scenario_not_prediction_interval
CABG_claims,2028,base,5309.417844742827,4597.0,115.49745148450788,NHIS within-category reported claim cases,NHIS 12-code category; all ages; no unique episode conversion,conditional_projection,conditional_scenario_not_prediction_interval
CABG_claims,2029,base,5398.940010769453,4597.0,117.44485557471074,NHIS within-category reported claim cases,NHIS 12-code category; all ages; no unique episode conversion,conditional_projection,conditional_scenario_not_prediction_interval
CABG_claims,2030,base,5509.86306932232,4597.0,119.85780007227149,NHIS within-category reported claim cases,NHIS 12-code category; all ages; no unique episode conversion,conditional_projection,conditional_scenario_not_prediction_interval
CABG_claims,2031,base,5623.156274620324,4597.0,122.32230312421851,NHIS within-category reported claim cases,NHIS 12-code category; all ages; no unique episode conversion,conditional_projection,conditional_scenario_not_prediction_interval
CABG_persons,2027,base,4905.475334101856,4494.0,109.15610445264477,NHIS within-category persons,NHIS 12-code category; all ages; no unique episode conversion,conditional_projection,conditional_scenario_not_prediction_interval
CABG_persons,2028,base,5113.040499474868,4494.0,113.77482197318353,NHIS within-category persons,NHIS 12-code category; all ages; no unique episode conversion,conditional_projection,conditional_scenario_not_prediction_interval
CABG_persons,2029,base,5198.9672648111755,4494.0,115.68685502472576,NHIS within-category persons,NHIS 12-code category; all ages; no unique episode conversion,conditional_projection,conditional_scenario_not_prediction_interval
CABG_persons,2030,base,5305.227074224516,4494.0,118.05133676512052,NHIS within-category persons,NHIS 12-code category; all ages; no unique episode conversion,conditional_projection,conditional_scenario_not_prediction_interval
CABG_persons,2031,base,5413.825104888516,4494.0,120.4678483508793,NHIS within-category persons,NHIS 12-code category; all ages; no unique episode conversion,conditional_projection,conditional_scenario_not_prediction_interval
CABG_claims,2027,high,5457.152195405581,4597.0,118.71116370253603,NHIS within-category reported claim cases,NHIS 12-code category; all ages; no unique episode conversion,conditional_projection,conditional_scenario_not_prediction_interval
CABG_claims,2028,high,5913.505537279688,4597.0,128.6383627861581,NHIS within-category reported claim cases,NHIS 12-code category; all ages; no unique episode conversion,conditional_projection,conditional_scenario_not_prediction_interval
CABG_claims,2029,high,6084.508975662343,4597.0,132.35825485452125,NHIS within-category reported claim cases,NHIS 12-code category; all ages; no unique episode conversion,conditional_projection,conditional_scenario_not_prediction_interval
CABG_claims,2030,high,6282.331285383242,4597.0,136.66154634290282,NHIS within-category reported claim cases,NHIS 12-code category; all ages; no unique episode conversion,conditional_projection,conditional_scenario_not_prediction_interval
CABG_claims,2031,high,6486.457617003348,4597.0,141.10197122043394,NHIS within-category reported claim cases,NHIS 12-code category; all ages; no unique episode conversion,conditional_projection,conditional_scenario_not_prediction_interval
CABG_persons,2027,high,5231.81862414959,4494.0,116.41785990542033,NHIS within-category persons,NHIS 12-code category; all ages; no unique episode conversion,conditional_projection,conditional_scenario_not_prediction_interval
CABG_persons,2028,high,5621.2799064956425,4494.0,125.08411006888389,NHIS within-category persons,NHIS 12-code category; all ages; no unique episode conversion,conditional_projection,conditional_scenario_not_prediction_interval
CABG_persons,2029,high,5783.504366733862,4494.0,128.69391114227554,NHIS within-category persons,NHIS 12-code category; all ages; no unique episode conversion,conditional_projection,conditional_scenario_not_prediction_interval
CABG_persons,2030,high,5970.901747860601,4494.0,132.8638573177704,NHIS within-category persons,NHIS 12-code category; all ages; no unique episode conversion,conditional_projection,conditional_scenario_not_prediction_interval
CABG_persons,2031,high,6164.346885130494,4494.0,137.16837750624154,NHIS within-category persons,NHIS 12-code category; all ages; no unique episode conversion,conditional_projection,conditional_scenario_not_prediction_interval
valve,2027,low,4574.297572588855,4970.0,92.038180534987,KHF survey-scope-equivalent reported units,2025 KHF fixed reporting coverage assumption; not national census,conditional_projection,conditional_scenario_not_prediction_interval
valve,2028,low,4382.432371421612,4970.0,88.17771371069641,KHF survey-scope-equivalent reported units,2025 KHF fixed reporting coverage assumption; not national census,conditional_projection,conditional_scenario_not_prediction_interval
valve,2029,low,4182.961946944036,4970.0,84.16422428458826,KHF survey-scope-equivalent reported units,2025 KHF fixed reporting coverage assumption; not national census,conditional_projection,conditional_scenario_not_prediction_interval
valve,2030,low,3995.7846706768332,4970.0,80.39808190496646,KHF survey-scope-equivalent reported units,2025 KHF fixed reporting coverage assumption; not national census,conditional_projection,conditional_scenario_not_prediction_interval
valve,2031,low,3899.0910361745673,4970.0,78.4525359391261,KHF survey-scope-equivalent reported units,2025 KHF fixed reporting coverage assumption; not national census,conditional_projection,conditional_scenario_not_prediction_interval
valve,2027,base,5030.215228897853,4970.0,101.21157402208961,KHF survey-scope-equivalent reported units,2025 KHF fixed reporting coverage assumption; not national census,conditional_projection,conditional_scenario_not_prediction_interval
valve,2028,base,5054.645618679703,4970.0,101.7031311605574,KHF survey-scope-equivalent reported units,2025 KHF fixed reporting coverage assumption; not national census,conditional_projection,conditional_scenario_not_prediction_interval
valve,2029,base,5051.605031458947,4970.0,101.64195234323839,KHF survey-scope-equivalent reported units,2025 KHF fixed reporting coverage assumption; not national census,conditional_projection,conditional_scenario_not_prediction_interval
valve,2030,base,5059.431445425813,4970.0,101.79942546128396,KHF survey-scope-equivalent reported units,2025 KHF fixed reporting coverage assumption; not national census,conditional_projection,conditional_scenario_not_prediction_interval
valve,2031,base,5061.69385502471,4970.0,101.84494678118128,KHF survey-scope-equivalent reported units,2025 KHF fixed reporting coverage assumption; not national census,conditional_projection,conditional_scenario_not_prediction_interval
valve,2027,high,5410.877392768899,4970.0,108.8707724903199,KHF survey-scope-equivalent reported units,2025 KHF fixed reporting coverage assumption; not national census,conditional_projection,conditional_scenario_not_prediction_interval
valve,2028,high,5633.553641045475,4970.0,113.35117990031137,KHF survey-scope-equivalent reported units,2025 KHF fixed reporting coverage assumption; not national census,conditional_projection,conditional_scenario_not_prediction_interval
valve,2029,high,5763.694399116237,4970.0,115.9697062196426,KHF survey-scope-equivalent reported units,2025 KHF fixed reporting coverage assumption; not national census,conditional_projection,conditional_scenario_not_prediction_interval
valve,2030,high,5913.539169748582,4970.0,118.98469154423705,KHF survey-scope-equivalent reported units,2025 KHF fixed reporting coverage assumption; not national census,conditional_projection,conditional_scenario_not_prediction_interval
valve,2031,high,6057.974886449654,4970.0,121.89084278570732,KHF survey-scope-equivalent reported units,2025 KHF fixed reporting coverage assumption; not national census,conditional_projection,conditional_scenario_not_prediction_interval
aorta,2027,low,3087.9578003625957,3200.0,96.49868126133111,KHF survey-scope-equivalent reported units,2025 KHF fixed reporting coverage assumption; not national census,conditional_projection,conditional_scenario_not_prediction_interval
aorta,2028,low,3028.716666265124,3200.0,94.64739582078512,KHF survey-scope-equivalent reported units,2025 KHF fixed reporting coverage assumption; not national census,conditional_projection,conditional_scenario_not_prediction_interval
aorta,2029,low,2957.1970882358446,3200.0,92.41240900737014,KHF survey-scope-equivalent reported units,2025 KHF fixed reporting coverage assumption; not national census,conditional_projection,conditional_scenario_not_prediction_interval
aorta,2030,low,2890.593608062133,3200.0,90.33105025194166,KHF survey-scope-equivalent reported units,2025 KHF fixed reporting coverage assumption; not national census,conditional_projection,conditional_scenario_not_prediction_interval
aorta,2031,low,2885.820652351217,3200.0,90.18189538597554,KHF survey-scope-equivalent reported units,2025 KHF fixed reporting coverage assumption; not national census,conditional_projection,conditional_scenario_not_prediction_interval
aorta,2027,base,3327.0760625937637,3200.0,103.97112695605513,KHF survey-scope-equivalent reported units,2025 KHF fixed reporting coverage assumption; not national census,conditional_projection,conditional_scenario_not_prediction_interval
aorta,2028,base,3388.119760116414,3200.0,105.87874250363794,KHF survey-scope-equivalent reported units,2025 KHF fixed reporting coverage assumption; not national census,conditional_projection,conditional_scenario_not_prediction_interval
aorta,2029,base,3430.4137218139217,3200.0,107.20042880668505,KHF survey-scope-equivalent reported units,2025 KHF fixed reporting coverage assumption; not national census,conditional_projection,conditional_scenario_not_prediction_interval
aorta,2030,base,3481.0754302049954,3200.0,108.78360719390612,KHF survey-scope-equivalent reported units,2025 KHF fixed reporting coverage assumption; not national census,conditional_projection,conditional_scenario_not_prediction_interval
aorta,2031,base,3528.3414030915474,3200.0,110.26066884661086,KHF survey-scope-equivalent reported units,2025 KHF fixed reporting coverage assumption; not national census,conditional_projection,conditional_scenario_not_prediction_interval
aorta,2027,high,3483.8647196902366,3200.0,108.8707724903199,KHF survey-scope-equivalent reported units,2025 KHF fixed reporting coverage assumption; not national census,conditional_projection,conditional_scenario_not_prediction_interval
aorta,2028,high,3627.237756809964,3200.0,113.35117990031138,KHF survey-scope-equivalent reported units,2025 KHF fixed reporting coverage assumption; not national census,conditional_projection,conditional_scenario_not_prediction_interval
aorta,2029,high,3711.030599028563,3200.0,115.9697062196426,KHF survey-scope-equivalent reported units,2025 KHF fixed reporting coverage assumption; not national census,conditional_projection,conditional_scenario_not_prediction_interval
aorta,2030,high,3807.510129415586,3200.0,118.98469154423708,KHF survey-scope-equivalent reported units,2025 KHF fixed reporting coverage assumption; not national census,conditional_projection,conditional_scenario_not_prediction_interval
aorta,2031,high,3900.5069691426347,3200.0,121.89084278570735,KHF survey-scope-equivalent reported units,2025 KHF fixed reporting coverage assumption; not national census,conditional_projection,conditional_scenario_not_prediction_interval
HT,2027,low,173.97501,184.0,94.55163586956522,organ-based heart transplantations,KONOS national all ages; donor-limited conditional realization,conditional_scenario,conditional_scenario_not_prediction_interval
HT,2028,low,169.1375,184.0,91.92255434782608,organ-based heart transplantations,KONOS national all ages; donor-limited conditional realization,conditional_scenario,conditional_scenario_not_prediction_interval
HT,2029,low,164.41331,184.0,89.35505978260869,organ-based heart transplantations,KONOS national all ages; donor-limited conditional realization,conditional_scenario,conditional_scenario_not_prediction_interval
HT,2030,low,159.8,184.0,86.84782608695653,organ-based heart transplantations,KONOS national all ages; donor-limited conditional realization,conditional_scenario,conditional_scenario_not_prediction_interval
HT,2031,low,155.53975,184.0,84.53247282608696,organ-based heart transplantations,KONOS national all ages; donor-limited conditional realization,conditional_scenario,conditional_scenario_not_prediction_interval
HT,2027,base,191.76793,184.0,104.22170108695651,organ-based heart transplantations,KONOS national all ages; donor-limited conditional realization,conditional_scenario,conditional_scenario_not_prediction_interval
HT,2028,base,195.76648,184.0,106.39482608695651,organ-based heart transplantations,KONOS national all ages; donor-limited conditional realization,conditional_scenario,conditional_scenario_not_prediction_interval
HT,2029,base,199.84335,184.0,108.61051630434781,organ-based heart transplantations,KONOS national all ages; donor-limited conditional realization,conditional_scenario,conditional_scenario_not_prediction_interval
HT,2030,base,204.0,184.0,110.86956521739131,organ-based heart transplantations,KONOS national all ages; donor-limited conditional realization,conditional_scenario,conditional_scenario_not_prediction_interval
HT,2031,base,208.59544,184.0,113.36708695652173,organ-based heart transplantations,KONOS national all ages; donor-limited conditional realization,conditional_scenario,conditional_scenario_not_prediction_interval
HT,2027,high,209.25269,184.0,113.72428804347827,organ-based heart transplantations,KONOS national all ages; donor-limited conditional realization,conditional_scenario,conditional_scenario_not_prediction_interval
HT,2028,high,223.01008,184.0,121.2011304347826,organ-based heart transplantations,KONOS national all ages; donor-limited conditional realization,conditional_scenario,conditional_scenario_not_prediction_interval
HT,2029,high,237.57756,184.0,129.11823913043477,organ-based heart transplantations,KONOS national all ages; donor-limited conditional realization,conditional_scenario,conditional_scenario_not_prediction_interval
HT,2030,high,253.0,184.0,137.5,organ-based heart transplantations,KONOS national all ages; donor-limited conditional realization,conditional_scenario,conditional_scenario_not_prediction_interval
HT,2031,high,264.09477,184.0,143.52976630434782,organ-based heart transplantations,KONOS national all ages; donor-limited conditional realization,conditional_scenario,conditional_scenario_not_prediction_interval
