model_id,size,size_alias,alias_note,shoulder,chest,sleeve,length,hem,waist,hip,thigh,rise,inseam
hyperops,95,,,45,54,62,67,51.5,,,,,
hyperops,100,,,47,56.5,63,69,54,,,,,
hyperops,105,,,49,59,64,71,56.5,,,,,
hyperops,110,XXL,제품의 XXL 병기: 사용자 확인,51,61.5,65,73,59,,,,,
spaver,M,,,50,57,63.5,70,,,,,,
spaver,L,,,53,59,67,73,,,,,,
spaver,XL,,,56,61,67,73,,,,,,
spaver,XXL,,,60,63,68,75,,,,,,
kidon-light-wind-breaker,S,90,사용자 제공 표기 및 넷피엑스 조견표 일치,46,57,64,73,,,,,,
kidon-light-wind-breaker,M,95,사용자 제공 표기 및 넷피엑스 조견표 일치,48,59,65,75,,,,,,
kidon-light-wind-breaker,L,100,사용자 제공 표기 및 넷피엑스 조견표 일치,49,61,66,77,,,,,,
kidon-light-wind-breaker,XL,105,사용자 제공 표기 및 넷피엑스 조견표 일치,51,63,67,79,,,,,,
kidon-light-wind-breaker,XXL,110,사용자 제공 표기 및 넷피엑스 조견표 일치,52,65,68,81,,,,,,
helikon-gunfighter-black,S,95~100,넷피엑스 SIZE INFO 조견표의 국내표기,46,55,64,72,,,,,,
helikon-gunfighter-black,M,100~105,넷피엑스 SIZE INFO 조견표의 국내표기,48,58.5,65,73,,,,,,
helikon-gunfighter-black,L,105~110,넷피엑스 SIZE INFO 조견표의 국내표기,50,61,66,74,,,,,,
helikon-gunfighter-black,XL,110~115,넷피엑스 SIZE INFO 조견표의 국내표기,52,63.5,67,75,,,,,,
